iter	RMSE
0	56876.51131
1	42455.36891
2	34172.58732
3	28893.9842
4	25444.83838
5	22472.65482
6	20127.4345
7	18372.68379
8	17122.92236
9	15828.44375
